<?xml version="1.0" encoding="UTF-8"?>
<project-private xmlns="http://www.netbeans.org/ns/project-private/1">
    <editor-bookmarks xmlns="http://www.netbeans.org/ns/editor-bookmarks/2" lastBookmarkId="0"/>
    <open-files xmlns="http://www.netbeans.org/ns/projectui-open-files/2">
        <group>
            <file>file:/C:/Users/myild/Desktop/consultancy/src/consultancy/Employees.java</file>
            <file>file:/C:/Users/myild/Desktop/consultancy/src/consultancy/case_detail.java</file>
            <file>file:/C:/Users/myild/Desktop/consultancy/src/consultancy/connect.java</file>
            <file>file:/C:/Users/myild/Desktop/consultancy/src/consultancy/detailemployee.java</file>
            <file>file:/C:/Users/myild/Desktop/consultancy/src/consultancy/Cases.java</file>
            <file>file:/C:/Users/myild/Desktop/consultancy/src/consultancy/welcome_page.java</file>
            <file>file:/C:/Users/myild/Desktop/consultancy/src/consultancy/add_employee.java</file>
        </group>
    </open-files>
</project-private>
